Index,City,Cloudiness,Country,Date,Humidity,Lat,lng,Max Temp,Wind Speed
0,Codrington,75,AU,1570709077,82,-28.95,153.24,62.6,3.82
1,Katsuura,75,JP,1570709077,69,33.93,134.5,73.4,6.93
2,Castro,90,CL,1570709077,100,-42.48,-73.76,48.2,10.29
3,Saint-Philippe,1,CA,1570709077,93,45.36,-73.48,48.0,9.34
4,Kaeo,100,NZ,1570709077,94,-35.1,173.78,61.0,14.0
5,Kruisfontein,68,ZA,1570709077,55,-34.0,24.73,60.82,10.5
6,Ribeira Grande,40,PT,1570709078,64,38.52,-28.7,71.6,10.29
7,Rikitea,100,PF,1570709078,66,-23.12,-134.97,68.56,4.63
8,Pevek,99,RU,1570709078,82,69.7,170.27,23.56,11.2
9,Portland,75,US,1570708821,70,43.66,-70.25,50.0,10.29
10,Carnarvon,74,ZA,1570709078,9,-30.97,22.13,69.64,10.54
11,Lompoc,90,US,1570709078,87,34.64,-120.46,57.0,3.36
12,Mataura,100,NZ,1570709079,90,-46.19,168.86,44.01,11.99
13,Padang,87,ID,1570709079,98,-0.92,100.36,69.64,1.2
14,Khatanga,60,RU,1570709079,91,71.98,102.47,15.1,10.4
15,Aleksandrovka,92,RU,1570709079,71,54.24,50.04,48.94,7.62
16,Kudahuvadhoo,100,MV,1570709079,70,2.67,72.89,83.14,7.53
17,Butaritari,100,KI,1570709079,64,3.07,172.79,84.4,10.61
18,Vinkovci,75,HR,1570709080,82,45.29,18.8,57.99,10.29
19,Bluff,0,AU,1570709080,82,-23.58,149.07,63.7,11.82
20,Fortuna,1,US,1570709080,26,40.6,-124.16,39.0,5.31
21,Saint Anthony,1,US,1570709080,61,43.97,-111.68,17.6,8.05
22,Jamestown,50,AU,1570709080,41,-33.21,138.6,49.3,3.86
23,Omboue,80,GA,1570709080,82,-1.57,9.26,80.98,5.82
24,Cape Town,0,ZA,1570709081,37,-33.93,18.42,73.99,8.05
25,Lasa,20,CY,1570709081,61,34.92,32.53,82.4,11.41
26,Longyearbyen,20,NO,1570709081,68,78.22,15.63,28.4,19.46
27,Manakara,14,MG,1570709081,66,-22.14,48.01,79.36,13.32
28,Sept-Iles,5,CA,1570709081,92,50.2,-66.38,36.0,5.82
29,Busselton,43,AU,1570709081,59,-33.64,115.35,61.0,8.4
30,Belyy Yar,0,RU,1570709082,41,53.6,91.39,41.0,4.47
31,Ushuaia,90,AR,1570709082,91,-54.81,-68.31,32.0,38.03
32,Yumen,10,CN,1570709082,24,40.29,97.04,61.72,6.34
33,Batagay-Alyta,100,RU,1570709082,88,67.8,130.41,7.36,5.26
34,Provideniya,0,RU,1570709082,80,64.42,-173.23,25.54,3.18
35,Kibala,20,TD,1570709082,52,9.11,18.35,87.8,6.93
36,Norman Wells,75,CA,1570709082,71,65.28,-126.83,33.8,4.7
37,Mocuba,93,MZ,1570709083,19,-16.84,36.99,103.3,5.67
38,Vaini,40,IN,1570709083,78,15.34,74.49,78.8,11.41
39,Sambava,39,MG,1570709083,54,-14.27,50.17,81.52,7.28
40,Severo-Kurilsk,88,RU,1570709083,95,50.68,156.12,41.92,24.12
41,Qaanaaq,98,GL,1570709083,75,77.48,-69.36,22.48,11.13
42,Mangalore,20,IN,1570709083,66,12.87,74.84,87.8,9.17
43,Bredasdorp,0,ZA,1570709083,42,-34.53,20.04,71.01,12.75
44,Tiarei,40,PF,1570709084,73,-17.53,-149.33,75.2,2.24
45,Nanortalik,10,GL,1570709084,77,60.14,-45.24,39.22,12.79
46,Kiri Buru,47,IN,1570709084,87,22.08,85.35,75.58,4.51
47,North Platte,90,US,1570709084,80,41.12,-100.77,35.6,26.4
48,Esperance,0,AU,1570709084,72,-33.86,121.89,60.8,5.82
49,Sayyan,62,YE,1570709084,32,15.17,44.32,68.74,11.17
50,Arthur,90,US,1570709085,80,41.57,-101.69,32.0,21.92
51,Victoria,75,BN,1570709086,78,5.28,115.24,80.6,10.75
52,Vardo,40,US,1570709086,76,39.62,-77.74,51.01,5.74
53,Rocha,17,UY,1570709086,72,-34.48,-54.34,70.9,10.13
54,Hithadhoo,100,MV,1570709086,83,-0.6,73.08,80.8,15.83
55,Arlit,1,NE,1570709086,29,18.74,7.39,93.4,3.05
56,Chokurdakh,72,RU,1570709086,87,70.62,147.9,10.78,2.21
57,Shakawe,81,BW,1570709087,16,-18.36,21.84,98.08,5.67
58,Anchorage,90,US,1570709086,93,61.22,-149.89,44.6,5.82
59,Vikhorevka,75,RU,1570709087,53,56.12,101.17,24.8,4.47
60,Atuona,3,PF,1570709087,76,-9.8,-139.03,78.1,12.8
61,Oksovskiy,79,RU,1570709087,87,62.61,39.91,38.5,5.44
62,Clyde River,90,CA,1570709087,85,70.47,-68.59,33.8,34.45
63,Ponta do Sol,100,BR,1570709087,78,-20.63,-46.0,70.9,6.92
64,Chuy,46,UY,1570709087,73,-33.69,-53.46,67.66,4.89
65,Phillipsburg,90,US,1570709088,87,39.76,-99.32,42.8,28.86
66,Tuktoyaktuk,94,CA,1570709088,77,69.44,-133.03,34.9,9.71
67,Port Alfred,92,ZA,1570709088,75,-33.59,26.89,64.0,3.0
68,Malanje,94,AO,1570709088,68,-9.54,16.35,77.38,4.5
69,Kavaratti,20,IN,1570709088,66,10.57,72.64,87.8,5.56
70,Saint George,20,GR,1570709088,68,39.45,22.34,73.4,6.93
71,Mahenge,82,TZ,1570709089,54,-8.68,36.72,87.28,4.59
72,Saskylakh,91,RU,1570709089,94,71.97,114.09,10.96,11.6
73,Hermanus,0,ZA,1570709089,40,-34.42,19.24,73.99,5.99
74,Ituverava,84,BR,1570709089,73,-20.34,-47.78,71.6,8.05
75,Muros,20,ES,1570709089,72,42.77,-9.06,70.0,6.93
76,Sistranda,1,NO,1570709089,70,63.73,8.83,51.01,16.11
77,Punta Arenas,40,CL,1570709089,51,-53.16,-70.91,33.8,28.86
78,Hami,38,CN,1570709090,19,42.84,93.51,64.06,7.11
79,Gornopravdinsk,100,RU,1570709090,89,60.06,69.92,45.7,3.64
80,Hasaki,75,JP,1570709090,93,35.73,140.83,66.2,13.87
81,Marsa Matruh,0,EG,1570709090,57,31.35,27.25,80.6,4.7
82,Hambantota,75,LK,1570709090,100,6.12,81.12,80.6,4.7
83,Vila Franca do Campo,20,PT,1570709090,64,37.72,-25.43,73.99,6.93
84,Port Blair,59,IN,1570709091,67,11.67,92.75,84.04,4.95
85,Beringovskiy,24,RU,1570709091,63,63.05,179.32,32.56,3.54
86,Maham,0,IN,1570709091,30,28.97,76.3,87.46,6.18
87,Pontes e Lacerda,63,BR,1570709091,45,-15.23,-59.33,86.02,2.11
88,Kangaatsiaq,100,GL,1570709091,60,68.31,-53.46,29.68,11.78
89,Zhigansk,96,RU,1570709091,82,66.77,123.37,20.32,15.36
90,Iqaluit,90,CA,1570709092,86,63.75,-68.52,37.4,14.99
91,Upernavik,23,GL,1570709092,54,72.79,-56.15,28.78,9.98
92,Torbay,0,CA,1570709092,89,47.66,-52.73,48.99,1.99
93,Mantua,75,IT,1570709092,72,45.16,10.79,68.0,8.05
94,Walvis Bay,7,NA,1570709093,87,-22.95,14.51,63.0,5.99
95,Anadyr,0,RU,1570709093,85,64.73,177.51,19.4,6.71
96,Yellowknife,90,CA,1570709093,71,62.45,-114.38,32.0,6.93
97,Voyvozh,67,RU,1570709093,78,62.89,54.96,34.9,6.46
98,Purwodadi,20,ID,1570709093,66,-7.08,110.92,86.0,6.93
99,Gorontalo,60,ID,1570709093,85,0.54,123.06,76.3,2.43
100,Ribas do Rio Pardo,77,BR,1570709095,51,-20.45,-53.76,82.06,14.03
101,Beisfjord,72,NO,1570709095,57,68.38,17.6,42.01,6.93
102,Pangody,100,RU,1570709095,75,65.85,74.49,43.54,23.15
103,Barrow,18,AR,1570709095,46,-38.31,-60.23,60.64,14.54
104,Saint-Pierre,75,FR,1570709095,72,48.95,4.24,62.01,19.46
105,Marawi,100,PH,1570709095,95,8.0,124.29,73.99,1.99
106,Kula,75,RS,1570709096,82,45.61,19.53,57.2,10.29
107,Flinders,75,AU,1570709096,82,-34.58,150.85,60.01,5.82
108,Hilo,1,US,1570709096,78,19.71,-155.08,77.0,4.64
109,Zeya,0,RU,1570709096,59,53.74,127.27,26.08,9.52
110,Tera,20,CY,1570709096,61,34.97,32.42,82.4,11.41
111,Souillac,90,FR,1570709096,60,45.6,-0.6,68.0,11.41
112,Banda Aceh,49,ID,1570709097,92,5.56,95.32,74.86,0.82
113,Champerico,75,MX,1570709097,94,16.38,-93.6,69.8,3.36
114,Ust-Shonosha,95,RU,1570709097,83,61.15,41.34,40.66,5.64
115,East London,20,ZA,1570709097,55,-33.02,27.91,64.4,9.17
116,Tigil,99,RU,1570709097,83,57.8,158.67,38.68,7.31
117,Tasiilaq,20,GL,1570709097,74,65.61,-37.64,35.6,1.12
118,Albany,75,US,1570709097,87,42.65,-73.75,52.0,3.96
119,Santa Cruz,42,BR,1570709098,48,-6.22,-36.02,85.12,13.91
120,Bethel,90,US,1570709098,100,60.79,-161.76,37.4,6.93
121,Bin Qirdan,9,TN,1570709098,53,33.14,11.22,80.26,17.05
122,Garwolin,75,PL,1570709098,87,51.9,21.61,60.01,12.75
123,Vanimo,100,PG,1570709098,71,-2.67,141.3,83.86,7.54
124,Arraial do Cabo,75,BR,1570709098,88,-22.97,-42.02,71.6,5.82
125,Komsomolskiy,100,RU,1570709099,98,67.55,63.78,34.0,8.12
126,Nome,1,US,1570709099,94,30.04,-94.42,81.0,3.36
127,Pisco,90,PE,1570709099,87,-13.71,-76.2,59.0,4.7
128,Kapaa,75,US,1570709099,83,22.08,-159.32,80.6,10.29
129,Bambous Virieux,40,MU,1570709099,61,-20.34,57.76,77.0,17.22
130,Kijang,0,KR,1570709099,59,35.24,129.21,64.4,1.12
131,Wanning,75,AT,1570709100,87,48.64,13.53,55.99,24.16
132,Urengoy,100,RU,1570709100,64,65.96,78.37,37.06,21.66
133,Kununurra,47,AU,1570709100,27,-15.77,128.74,77.0,1.12
134,Soyo,89,AO,1570709100,72,-6.13,12.37,81.52,10.81
135,Peterhead,0,AU,1570709100,62,-34.83,138.5,55.99,10.29
136,Banjar,79,ID,1570709100,80,-7.37,108.54,73.24,2.56
137,Pascagoula,75,US,1570709100,94,30.37,-88.56,77.0,8.05
138,Arman,100,RU,1570709101,84,59.7,150.17,37.78,14.71
139,Thiers,75,FR,1570709101,55,45.86,3.55,62.6,10.29
140,New Norfolk,75,AU,1570709101,81,-42.78,147.06,50.0,4.7
141,Avarua,100,CK,1570709101,73,-21.21,-159.78,71.6,9.17
142,Hay River,90,CA,1570709101,92,60.82,-115.79,30.2,4.7
143,Kidal,3,ML,1570709101,27,18.44,1.41,97.54,16.97
144,Lisala,86,CD,1570709102,50,2.15,21.52,88.9,4.61
145,Bud,88,NO,1570709102,70,62.91,6.91,54.0,4.7
146,Dicabisagan,7,PH,1570709102,85,17.08,122.42,77.2,10.25
147,Bandrele,100,YT,1570709102,66,-12.91,45.19,86.0,6.93
148,Hobart,75,AU,1570709103,81,-42.88,147.33,50.0,4.7
149,Grahamstown,73,ZA,1570709103,75,-33.31,26.53,64.0,3.0
150,San Javier,0,BR,1570709104,59,-27.87,-55.13,73.99,4.0
151,Richards Bay,91,ZA,1570709104,74,-28.77,32.06,67.12,23.35
152,Byron Bay,40,AU,1570709104,72,-28.65,153.62,62.6,5.82
153,Salalah,20,OM,1570709105,70,17.01,54.1,86.0,14.99
154,Cabo San Lucas,0,MX,1570709105,77,22.89,-109.91,75.99,1.99
155,Mahajanga,20,MG,1570709105,41,-15.72,46.32,93.2,10.29
156,Cherskiy,20,RU,1570709105,77,68.75,161.3,11.86,6.48
157,Paidha,95,UG,1570709105,73,2.42,30.99,74.68,7.42
158,San Patricio,0,PY,1570709105,58,-26.98,-56.83,77.2,8.76
159,Houma,100,CN,1570709106,68,35.63,111.36,61.72,2.65
160,Mount Isa,11,AU,1570709106,11,-20.73,139.49,73.4,6.93
161,Umm Lajj,16,SA,1570709106,17,25.02,37.27,99.52,24.85
162,Yulara,0,AU,1570709106,8,-25.24,130.99,82.4,9.17
163,Batemans Bay,89,AU,1570709106,76,-35.71,150.18,53.01,10.0
164,Alice Town,78,BS,1570709106,79,25.72,-79.3,80.26,5.61
165,San Jeronimo,32,PE,1570709106,328,-13.65,-73.37,37.4,0.41
166,Coquimbo,90,CL,1570709107,100,-29.95,-71.34,50.0,9.17
167,Mount Gambier,90,AU,1570709107,93,-37.83,140.78,44.6,4.96
168,Ballina,75,IE,1570709107,87,54.11,-9.15,60.01,17.22
169,Thompson,20,CA,1570709107,85,55.74,-97.86,21.2,5.82
170,Geraldton,40,CA,1570709107,93,49.72,-86.95,48.2,5.82
171,Carutapera,37,BR,1570709107,77,-1.2,-46.02,80.62,22.33
172,Temerloh,29,MY,1570709108,71,3.45,102.42,80.8,3.03
173,Wonthaggi,54,AU,1570709108,91,-38.6,145.59,53.01,4.24
174,Barkhan,0,PK,1570709108,23,29.9,69.52,78.64,10.44
175,Mar del Plata,100,AR,1570709108,54,-46.43,-67.52,54.34,26.69
176,Goalpara,15,IN,1570709108,89,26.18,90.62,75.22,2.89
177,Buchanan,75,LR,1570709108,62,5.88,-10.05,89.6,9.17
178,Smolenka,100,PL,1570709109,91,54.15,22.76,50.02,12.19
179,Shasta Lake,1,US,1570709109,18,40.68,-122.36,57.2,3.36
180,Cidreira,0,BR,1570709109,83,-30.17,-50.22,66.94,7.92
181,Launceston,75,AU,1570709109,81,-41.43,147.14,48.2,3.36
182,Syumsi,100,RU,1570709109,92,57.11,51.61,40.48,6.39
183,Sitka,0,US,1570709109,85,37.17,-99.65,43.0,38.99
184,Lodja,74,CD,1570709110,85,-3.52,23.6,81.34,1.94
185,Olivet,90,US,1570709110,93,43.24,-97.68,42.8,18.34
186,Washington DC.,75,US,1570708810,62,38.9,-77.04,57.2,8.05
187,Jijiga,75,ET,1570709110,62,9.35,42.8,70.54,10.44
188,Oksfjord,40,NO,1570709110,60,70.24,22.35,42.8,2.24
189,Qasigiannguit,5,GL,1570709110,53,68.82,-51.19,26.6,17.22
190,Phalodi,0,IN,1570709111,16,27.13,72.36,94.3,7.77
191,Georgetown,75,GY,1570709111,78,6.8,-58.16,82.4,4.7
192,Palu,61,ID,1570709111,99,-0.9,119.87,67.48,2.25
193,Nouadhibou,100,MR,1570709111,65,20.93,-17.03,77.0,14.99
194,Maumere,26,ID,1570709111,78,-8.63,122.22,74.5,5.67
195,Broome,40,GB,1570709112,67,52.47,1.45,61.0,11.41
196,Ambulu,16,ID,1570709112,85,-8.35,113.61,78.1,17.58
197,Mazara del Vallo,20,IT,1570709112,88,37.65,12.59,75.2,13.87
198,Port Hedland,17,AU,1570709112,69,-20.31,118.58,80.6,8.05
199,Sibu,75,MY,1570709112,94,2.29,111.83,75.2,3.36
200,Valparaiso,1,US,1570709114,100,41.47,-87.06,55.4,3.36
201,Kedgwick,52,CA,1570709114,78,47.65,-67.35,40.12,2.46
202,Formosa,93,BR,1570709115,41,-15.55,-47.33,77.74,11.99
203,Kitsuki,75,JP,1570709115,88,33.42,131.62,69.8,4.7
204,Jalu,100,LY,1570709115,16,29.03,21.55,94.66,17.17
205,Klaksvik,75,FO,1570709115,93,62.23,-6.59,44.6,18.34
206,Lebu,20,ET,1570709115,49,8.96,38.73,69.8,16.11
207,Kodiak,90,US,1570709115,82,39.95,-94.76,64.0,12.75
208,Palana,97,RU,1570709115,90,59.08,159.95,36.52,12.19
209,Batagay,99,RU,1570709116,76,67.65,134.64,8.62,3.02
210,Port Elizabeth,90,US,1570709116,71,39.31,-74.98,55.99,9.17
211,Bonavista,0,CA,1570709116,87,48.65,-53.11,46.99,8.99
212,Touros,75,BR,1570709116,78,-5.2,-35.46,78.8,9.17
213,Narsaq,5,GL,1570709116,68,60.91,-46.05,30.2,4.03
214,Faya,75,SA,1570709117,23,18.39,42.45,78.8,14.99
215,Sorland,88,NO,1570709117,56,67.67,12.69,42.8,3.36
216,Tramandai,0,BR,1570709117,83,-29.98,-50.13,66.94,7.92
217,Kaitangata,100,NZ,1570709117,88,-46.28,169.85,45.0,28.01
218,Nipawin,1,CA,1570709117,67,53.36,-104.02,23.0,5.82
219,Ulagan,0,RU,1570709118,54,50.63,87.96,38.32,3.2
220,Manisa,0,TR,1570709118,47,38.62,27.43,80.6,5.82
221,Tiksi,91,RU,1570709118,94,71.64,128.87,16.36,2.97
222,Deputatskiy,100,RU,1570709118,96,69.3,139.9,9.88,0.98
223,Litovko,99,RU,1570709118,76,49.24,135.18,47.14,7.27
224,Kavieng,0,PG,1570709118,70,-2.57,150.8,83.86,4.13
225,Nyurba,100,RU,1570709118,93,63.29,118.35,22.3,7.88
226,Nikolskoye,90,RU,1570709119,87,59.7,30.79,46.0,6.71
227,Ostrovnoy,72,RU,1570709119,89,68.05,39.51,33.64,9.28
228,Ulaangom,68,MN,1570709119,60,49.98,92.07,44.08,2.13
229,Luganville,69,VU,1570709119,94,-15.51,167.18,71.44,2.21
230,Khuzhir,98,RU,1570709119,46,53.19,107.35,31.12,15.08
231,Kargasok,97,RU,1570709119,62,59.06,80.87,39.04,14.01
232,Chapais,1,CA,1570709120,82,49.78,-74.86,33.8,3.36
233,Guerrero Negro,2,MX,1570709120,92,27.97,-114.04,62.8,8.57
234,Yar-Sale,100,RU,1570709120,90,66.83,70.83,44.26,29.36
235,Puerto Ayora,37,EC,1570709120,91,-0.74,-90.35,64.99,1.01
236,Penzance,75,GB,1570709120,93,50.12,-5.53,62.01,18.34
237,Fomboni,88,KM,1570709120,74,-12.28,43.74,80.8,8.61
238,Guangyuan,100,CN,1570709120,77,32.43,105.86,54.34,4.79
239,Comodoro Rivadavia,91,AR,1570709121,54,-45.87,-67.48,55.4,28.86
240,Trabzon,0,TR,1570709121,73,41.01,39.72,69.8,4.7
241,Kholodnyy,100,RU,1570709121,96,62.72,147.95,21.22,3.09
242,Nampula,75,MZ,1570709121,36,-15.12,39.26,93.2,9.17
243,Vestmannaeyjar,20,IS,1570709121,75,63.44,-20.27,42.8,10.29
244,Husavik,100,CA,1570709121,89,50.56,-96.99,36.0,10.0
245,Mitsamiouli,20,KM,1570709122,70,-11.38,43.28,86.0,14.99
246,Berdigestyakh,87,RU,1570709122,97,62.1,126.7,14.92,4.54
247,Zyryanka,100,RU,1570709122,57,65.73,150.89,20.14,5.75
248,Port Moresby,41,PG,1570709122,90,-9.47,147.16,76.48,19.17
249,Labuhan,52,ID,1570709122,70,-2.54,115.51,79.36,2.41
250,Rome,75,IT,1570709123,64,41.89,12.48,75.2,5.82
251,Evensk,100,RU,1570709124,83,61.92,159.24,28.96,10.66
252,Sisimiut,99,GL,1570709124,68,66.94,-53.67,27.52,8.42
253,Acari,3,BR,1570709124,48,-6.44,-36.64,83.14,24.74
254,Vaasa,75,FI,1570709124,81,63.1,21.62,43.0,6.93
255,High Level,90,CA,1570709124,68,58.52,-117.13,26.6,2.77
256,Kahului,1,US,1570709124,78,20.89,-156.47,78.8,16.59
257,Berlevag,40,NO,1570709124,81,70.86,29.09,42.8,16.11
258,Constantine,20,DZ,1570709125,53,36.36,6.61,71.6,2.24
259,Sihora,20,IN,1570709125,52,23.49,80.11,87.8,9.17
260,Washougal,1,US,1570709125,80,45.58,-122.35,42.01,9.17
261,Bathsheba,20,BB,1570709125,66,13.22,-59.52,84.2,11.41
262,Kloulklubed,75,PW,1570709125,78,7.04,134.26,82.4,9.17
263,Saint-Francois,90,FR,1570709125,72,46.42,3.91,62.6,9.17
264,Sheridan,90,US,1570709125,85,39.65,-105.03,27.0,9.17
265,Arklow,75,IE,1570709126,87,52.79,-6.14,59.0,24.16
266,Mastic Beach,90,US,1570709126,54,40.77,-72.85,57.2,19.46
267,Prince Rupert,90,CA,1570709126,87,54.32,-130.32,42.8,4.7
268,The Valley,20,AI,1570709126,78,18.22,-63.06,84.0,3.36
269,Necochea,0,AR,1570709126,50,-38.55,-58.74,63.0,17.0
270,Kropotkin,0,RU,1570709126,43,45.43,40.58,70.36,6.09
271,Salekhard,100,RU,1570709127,96,66.54,66.62,44.62,13.5
272,Goderich,1,CA,1570709127,86,43.74,-81.71,48.99,11.65
273,Tuatapere,100,NZ,1570709127,90,-46.13,167.69,44.01,11.99
274,Talnakh,14,RU,1570709127,68,69.49,88.39,24.8,15.66
275,Kaohsiung,75,TW,1570709127,69,22.62,120.31,82.4,6.93
276,Camacha,75,PT,1570709127,60,33.08,-16.33,73.4,11.41
277,Bereda,0,ES,1570709127,68,43.27,-7.54,69.01,4.7
278,Jamame,19,SO,1570709128,76,0.07,42.75,81.34,10.45
279,Adrar,0,DZ,1570709128,28,27.87,-0.29,84.2,20.8
280,Xai-Xai,100,MZ,1570709128,87,-25.04,33.64,69.28,16.2
281,Mahebourg,40,MU,1570709128,61,-20.41,57.7,77.0,17.22
282,Tena,75,EC,1570709128,100,-0.99,-77.82,69.8,4.28
283,Mayumba,100,GA,1570709128,94,-3.44,10.65,74.32,10.67
284,Ashoknagar,3,IN,1570709129,56,24.58,77.73,79.9,5.44
285,Harer,90,US,1570709129,79,42.19,-111.17,21.0,5.82
286,Kralendijk,100,BQ,1570709129,88,12.15,-68.27,80.6,5.82
287,Vao,100,EE,1570709129,83,59.1,26.19,50.74,3.34
288,Dikson,99,RU,1570709129,85,73.51,80.55,28.78,25.63
289,Sao Francisco,0,BR,1570709129,68,-25.65,-53.85,71.6,5.82
290,Salumbar,0,IN,1570709129,43,24.14,74.05,86.02,4.16
291,Faanui,100,PF,1570709130,79,-16.48,-151.75,75.58,18.24
292,Fukue,75,JP,1570709130,69,35.03,136.69,75.2,8.05
293,Kabo,74,CF,1570709130,59,7.69,18.62,89.44,2.13
294,Yanam,75,IN,1570709130,79,16.73,82.22,84.2,8.05
295,Dali,100,CN,1570709130,59,34.79,109.94,63.7,4.91
296,Manyoni,100,TZ,1570709130,33,-5.75,34.84,89.44,11.78
297,Hudiksvall,99,SE,1570709131,87,61.73,17.1,45.16,0.88
298,Puerto Colombia,75,CO,1570709131,94,10.99,-74.96,77.0,5.82
299,Ereymentau,99,KZ,1570709131,26,51.62,73.1,64.42,5.71
300,Norden,70,DE,1570709132,76,53.59,7.21,60.01,16.11
301,Rio Grande,59,BR,1570709132,73,-32.03,-52.1,73.0,2.24
302,Ipameri,100,BR,1570709132,68,-17.72,-48.16,73.06,13.01
303,Nemuro,19,JP,1570709133,68,43.32,145.57,57.76,7.21
304,Rorvik,0,NO,1570709133,61,64.86,11.24,48.2,4.7
305,Usinsk,100,RU,1570709133,81,66.0,57.56,34.54,10.31
306,Pringsewu,63,ID,1570709133,96,-5.36,104.98,71.08,4.01
307,Tilichiki,100,RU,1570709133,74,60.47,166.1,30.22,14.05
308,Norrtalje,75,SE,1570709133,87,59.76,18.7,55.0,4.7
309,Petropavlovsk-Kamchatskiy,20,RU,1570709133,75,53.05,158.65,46.4,11.18
310,Iquitos,90,PE,1570709134,94,-3.75,-73.25,71.6,3.36
311,Tabuk,4,PH,1570709134,91,17.41,121.44,72.34,7.65
312,Port Augusta,60,AU,1570709134,72,-32.49,137.76,60.8,12.75
313,Aklavik,75,CA,1570709134,80,68.22,-135.01,35.6,8.05
314,Sioux Lookout,90,CA,1570709134,93,50.1,-91.92,44.6,6.93
315,Storforshei,75,NO,1570709135,65,66.4,14.52,41.0,3.36
316,Ahipara,100,NZ,1570709135,100,-35.17,173.16,61.0,16.52
317,Yagodnoye,100,RU,1570709135,96,62.52,149.63,18.7,2.09
318,Viedma,1,AR,1570709135,32,-40.81,-62.99,64.96,11.88
319,Sahuaripa,0,MX,1570709135,88,29.05,-109.23,60.82,5.24
320,Wamba,50,CD,1570709135,87,2.14,27.99,77.92,2.2
321,Leh,5,IN,1570709135,19,34.16,77.58,41.38,10.28
322,Sabzevar,5,IR,1570709136,19,36.21,57.68,79.54,10.44
323,Luba,0,PH,1570709136,86,17.32,120.7,73.96,2.67
324,Waingapu,48,ID,1570709136,82,-9.65,120.26,79.36,14.72
325,Mopipi,97,BW,1570709136,10,-21.2,24.86,100.24,11.16
326,Mpika,19,ZM,1570709136,22,-11.84,31.4,89.62,9.98
327,Promissao,100,BR,1570709136,58,-21.54,-49.86,77.2,14.51
328,Ankazobe,20,MG,1570709137,41,-18.32,47.12,78.8,9.17
329,Pochutla,5,MX,1570709137,69,15.74,-96.47,77.0,6.93
330,Lima,90,PE,1570709137,100,-12.06,-77.04,57.2,3.36
331,Cayenne,75,GF,1570709137,88,4.94,-52.33,77.0,6.89
332,Los Andes,100,CL,1570709137,50,-32.83,-70.6,70.0,4.71
333,Jardim,0,BR,1570709137,40,-21.48,-56.15,87.1,10.74
334,Hillsboro,1,US,1570709137,93,39.16,-89.49,62.01,8.05
335,Channel-Port aux Basques,24,CA,1570709138,61,47.57,-59.14,46.78,3.82
336,Lerwick,75,GB,1570709138,81,60.15,-1.15,50.0,25.28
337,Russell,90,US,1570709138,93,38.9,-98.86,55.4,32.21
338,Ostersund,75,SE,1570709138,80,63.18,14.64,41.0,8.05
339,Antalaha,0,MG,1570709138,77,-14.9,50.28,77.74,14.29
340,Leningradskiy,44,RU,1570709138,72,69.38,178.42,23.74,11.4
341,Thinadhoo,100,MV,1570709139,79,0.53,72.93,81.7,13.46
342,Salair,11,RU,1570709139,80,54.23,85.8,40.66,5.44
343,Pachino,20,IT,1570709139,65,36.72,15.09,77.0,4.7
344,Ilulissat,5,GL,1570709139,53,69.22,-51.1,26.6,17.22
345,Puerto del Rosario,20,ES,1570709139,65,28.5,-13.86,77.0,10.29
346,Lavrentiya,4,RU,1570709139,71,65.58,-170.99,30.94,9.65
347,Corowa,38,AU,1570709139,66,-36.0,146.39,53.6,9.17
348,Santa Rosa,52,AR,1570709140,31,-36.62,-64.29,64.96,5.75
349,Wageningen,75,NL,1570709140,71,51.98,5.66,60.01,17.22
350,Ayan,0,IR,1570709141,24,38.23,44.7,68.74,8.34
351,Muyuka,75,CM,1570709141,66,4.29,9.41,87.8,4.7
352,Grand Gaube,40,MU,1570709141,61,-20.01,57.66,77.0,17.22
353,Churuquita Chiquita,20,PA,1570709142,100,8.57,-80.28,77.0,3.36
354,Srednekolymsk,100,RU,1570709142,80,67.46,153.71,15.64,4.26
355,Karema,100,TZ,1570709142,55,-6.82,30.44,82.42,9.91
356,Noshiro,75,JP,1570709142,67,40.21,140.05,62.6,9.17
357,Sao Joao da Barra,90,BR,1570709142,94,-21.64,-41.05,71.6,5.82
358,Coihaique,90,CL,1570709142,87,-45.58,-72.07,44.6,4.7
359,Sechura,73,PE,1570709142,89,-5.56,-80.82,60.64,7.48
360,Guymon,75,US,1570709143,57,36.68,-101.48,44.6,29.97
361,Inuvik,75,CA,1570709143,80,68.36,-133.71,35.6,8.05
362,Murdochville,0,CA,1570709143,57,48.96,-65.49,43.72,1.85
363,Port Hardy,5,CA,1570709143,92,50.7,-127.42,30.2,3.36
364,Vavuniya,99,LK,1570709143,87,8.76,80.5,80.08,2.82
365,Tsumeb,20,NA,1570709143,13,-19.25,17.72,80.6,4.7
366,Altay,0,CN,1570709143,49,47.83,88.13,41.74,1.5
367,Sao Filipe,28,CV,1570709144,86,14.9,-24.5,77.02,13.03
368,Bushehr,0,IR,1570709144,53,28.97,50.84,96.8,13.87
369,Pacific Grove,1,US,1570709144,37,36.62,-121.92,52.0,6.93
370,Lata,81,IN,1570709144,82,30.78,78.62,36.7,3.32
371,Te Anau,100,NZ,1570709144,91,-45.41,167.72,42.82,12.05
372,Mandurah,83,AU,1570709144,82,-32.55,115.7,64.99,5.82
373,Pauini,97,BR,1570709145,91,-7.71,-67.0,75.76,1.27
374,Liaocheng,99,CN,1570709145,79,36.44,115.96,62.08,3.88
375,Coromandel,100,BR,1570709145,74,-18.47,-47.2,72.16,12.31
376,Sao Jose da Coroa Grande,26,BR,1570709145,75,-8.9,-35.15,78.28,16.28
377,Gat,20,SN,1570709145,66,14.69,-16.54,86.0,2.24
378,Guilin,40,CN,1570709146,66,25.28,110.29,84.2,6.71
379,Dakar,20,SN,1570709146,66,14.69,-17.45,86.0,2.24
380,Sangrur,0,IN,1570709146,38,30.24,75.84,84.04,4.97
381,Manaus,75,BR,1570709146,88,-3.13,-59.98,78.8,3.36
382,Kaputa,100,ZM,1570709146,25,-8.47,29.66,91.6,9.34
383,Kalmunai,95,LK,1570709146,76,7.42,81.82,84.04,17.18
384,Haicheng,94,CN,1570709146,50,40.85,122.74,61.9,12.62
385,Maturin,100,VE,1570709147,96,9.75,-63.18,73.78,3.64
386,Oranjemund,100,ZA,1570709147,22,-28.55,16.43,75.76,10.64
387,Jimo,90,CN,1570709147,93,36.39,120.46,64.4,2.24
388,Yangambi,65,CD,1570709147,53,0.77,24.47,88.18,4.85
389,Hofn,20,IS,1570709147,66,64.25,-15.21,46.4,18.34
390,Yerbogachen,96,RU,1570709148,88,61.28,108.01,16.9,7.27
391,Menongue,77,AO,1570709148,26,-14.66,17.68,88.18,7.84
392,Isangel,1,VU,1570709148,73,-19.55,169.27,71.26,5.24
393,Luderitz,13,NA,1570709148,66,-26.65,15.16,58.3,30.61
394,Ternate,20,PH,1570709148,66,14.29,120.72,86.0,6.93
395,Canandaigua,1,US,1570709148,100,42.88,-77.28,43.0,4.69
396,Nuuk,40,GL,1570709148,86,64.17,-51.74,33.8,5.82
397,Bulgan,94,MN,1570709149,93,48.81,103.53,24.64,7.46
398,Panzhihua,16,CN,1570709149,76,26.59,101.72,65.32,1.5
399,Bontang,64,ID,1570709149,82,0.12,117.47,81.7,8.29
400,Lagoa,0,PT,1570709150,53,37.14,-8.45,80.01,10.29
401,Tazovskiy,100,RU,1570709150,66,67.47,78.7,35.98,26.01
402,Kedrovyy,0,RU,1570709151,40,56.17,91.82,33.8,6.71
403,Nizhniy Mamon,76,RU,1570709151,47,50.19,40.51,61.36,16.37
404,Mae Sai,40,MM,1570709151,78,20.44,99.89,84.0,1.3
405,Beira,1,ES,1570709151,68,43.2,-8.36,66.99,4.7
406,Lorengau,0,PG,1570709151,70,-2.02,147.27,83.86,2.48
407,Bati,45,ET,1570709151,44,11.19,40.02,76.3,8.75
408,Cururupu,70,BR,1570709151,63,-1.82,-44.87,82.78,8.7
409,Cedar City,1,US,1570709152,36,37.68,-113.06,30.2,14.99
410,Sao Felix do Xingu,94,BR,1570709152,58,-6.64,-51.99,86.92,0.7
411,Inndyr,20,NO,1570709152,56,67.03,14.03,43.0,14.99
412,Zhangjiakou,0,CN,1570709152,43,40.77,114.88,52.0,5.29
413,Broken Hill,0,AU,1570709152,27,-31.97,141.45,62.6,8.89
414,Maceio,75,BR,1570709152,69,-9.67,-35.74,80.6,17.22
415,Henties Bay,0,NA,1570709153,87,-22.12,14.28,63.0,5.99
416,Adre,64,TD,1570709153,30,13.47,22.2,91.96,11.21
417,Moron,92,HT,1570709153,78,18.56,-74.26,79.36,2.19
418,Galle,99,GN,1570709153,75,10.08,-12.83,80.62,4.42
419,Airai,23,TL,1570709153,56,-8.93,125.41,65.14,4.51
420,Beterou,66,BJ,1570709153,81,9.2,2.26,80.8,5.55
421,Nanyamba,100,MZ,1570709154,42,-10.69,39.81,89.26,13.72
422,Makakilo City,90,US,1570709154,83,21.35,-158.09,80.6,3.36
423,Xaltocan,100,MX,1570709154,93,19.42,-98.21,49.12,1.21
424,Sao Gabriel da Cachoeira,100,BR,1570709154,96,-0.13,-67.09,72.88,2.92
425,Nhamunda,42,BR,1570709154,79,-2.19,-56.71,81.34,3.53
426,Okha,56,RU,1570709154,86,53.59,142.95,46.24,12.46
427,Mago,100,RU,1570709154,88,53.27,140.15,47.32,8.01
428,Serenje,66,ZM,1570709155,19,-13.23,30.22,90.16,9.75
429,Vanavara,0,RU,1570709155,64,60.35,102.28,22.12,3.98
430,Rio Cuarto,39,AR,1570709155,64,-33.13,-64.35,68.0,9.17
431,Abu Samrah,0,SY,1570709155,11,35.3,37.18,90.88,5.7
432,Karratha,39,AU,1570709155,58,-20.74,116.85,81.7,10.03
433,Rawson,62,AR,1570709155,58,-43.3,-65.11,57.04,20.55
434,Humaita,0,AR,1570709155,82,-24.93,-65.37,68.0,2.23
435,Matagami,75,NG,1570709156,51,9.67,8.4,80.6,23.04
436,Inta,100,RU,1570709156,96,66.04,60.13,32.56,11.8
437,Clovis,1,US,1570709156,70,36.83,-119.7,54.0,5.82
438,Port Macquarie,90,AU,1570709156,93,-31.43,152.91,57.2,5.82
439,Mehamn,75,NO,1570709156,86,71.03,27.85,41.0,6.93
440,Port Lincoln,49,AU,1570709157,86,-34.72,135.86,52.9,10.85
441,Troitsko-Pechorsk,38,RU,1570709157,69,62.71,56.19,37.42,5.81
442,Boa Vista,98,BR,1570709157,83,2.82,-60.67,77.0,2.24
443,Taltal,49,CL,1570709157,72,-25.41,-70.49,55.24,6.22
444,Chippenham,90,GB,1570709157,82,51.46,-2.12,62.01,20.8
445,Hamilton,20,CA,1570709157,100,43.26,-79.87,52.0,6.93
446,Chunskiy,26,RU,1570709158,58,56.08,99.63,24.82,2.63
447,Itaituba,20,BR,1570709158,88,-4.26,-55.99,78.8,3.11
448,Samdrup Jongkhar,76,IN,1570709158,98,26.8,91.5,61.72,1.33
449,Stromness,1,CA,1570709158,93,42.87,-79.55,46.99,3.36
450,Shar,81,NG,1570709159,71,7.3,8.73,84.94,3.42
451,Auki,89,NG,1570709159,60,12.18,6.51,83.32,3.88
452,Lakatoro,34,VU,1570709160,76,-16.11,167.42,78.1,9.99
453,Hirara,40,JP,1570709160,69,24.8,125.28,77.0,9.17
454,Oktyabrskiy,75,RU,1570709160,81,55.61,37.97,48.2,11.18
455,Isilkul,100,RU,1570709160,57,54.9,71.26,58.48,2.99
456,Hauterive,1,CA,1570709160,100,49.18,-68.27,34.0,2.24
457,Tieling,33,CN,1570709160,52,42.29,123.84,52.36,7.53
458,Buenos Aires,75,AR,1570709160,82,-34.61,-58.44,77.0,2.24
459,Caravelas,4,BR,1570709161,62,-17.73,-39.27,80.26,12.01
460,Ghatanji,31,IN,1570709161,72,20.14,78.32,81.88,6.8
461,Le Port,20,FR,1570709161,40,42.87,1.37,70.0,8.05
462,Maningrida,55,AU,1570709161,85,-12.05,134.23,75.04,5.98
463,Uglezavodsk,20,RU,1570709161,87,47.32,142.63,53.6,6.71
464,Hovd,1,NO,1570709161,66,63.83,10.7,51.01,14.99
465,Sa Kaeo,100,TH,1570709162,77,13.8,102.09,79.9,3.38
466,Yar,100,RU,1570709162,89,58.24,52.11,39.04,10.08
467,Rio Gallegos,0,AR,1570709162,55,-51.62,-69.22,35.6,32.21
468,Kayiry,83,UA,1570709162,63,46.95,33.71,63.7,15.37
469,Svetlogorsk,75,RU,1570709162,52,53.14,59.15,41.0,15.66
470,Chikhli,40,IN,1570709162,55,20.76,73.06,91.4,3.36
471,Kyshtovka,100,RU,1570709163,55,56.56,76.62,49.3,11.42
472,Malartic,20,CA,1570709163,100,48.14,-78.13,32.0,3.2
473,Rafai,75,CF,1570709163,45,4.95,23.92,90.34,2.01
474,Matara,80,BI,1570709163,65,-3.48,29.48,70.54,4.41
475,Belmonte,0,PT,1570709164,43,40.36,-7.35,79.0,1.99
476,Verkhnyaya Toyma,98,RU,1570709164,83,62.24,45.0,40.12,6.64
477,Cabedelo,75,BR,1570709164,78,-6.97,-34.84,78.8,16.11
478,Bam,0,IR,1570709164,8,29.11,58.36,89.44,17.61
479,Agirish,98,RU,1570709164,68,61.92,63.02,38.14,9.24
480,San Antonio,100,CL,1570709164,87,-33.58,-71.61,48.2,2.24
481,Itaberai,57,BR,1570709164,61,-16.02,-49.81,80.44,2.62
482,Sivaki,44,RU,1570709165,53,52.63,126.75,28.42,8.95
483,Paamiut,19,GL,1570709165,58,61.99,-49.67,36.88,9.28
484,Bela,0,PK,1570709165,43,26.23,66.31,91.6,19.13
485,Kilindoni,89,TZ,1570709165,82,-7.91,39.67,79.54,18.25
486,Lagunas,66,PE,1570709165,96,-5.23,-75.68,73.24,0.53
487,Tomakomai,67,JP,1570709165,93,42.65,141.6,57.99,3.36
488,Fort Nelson,20,CA,1570709165,86,58.81,-122.69,26.6,5.82
489,Wagrowiec,75,PL,1570709166,76,52.81,17.2,59.0,10.29
490,Sola,51,TZ,1570709166,31,-3.17,33.8,86.2,7.67
491,Ceuta,1,MX,1570709166,99,23.9,-106.93,75.0,4.63
492,Manali,43,IN,1570709166,86,32.25,77.19,52.54,2.3
493,Mantenopolis,30,BR,1570709166,65,-18.86,-41.12,75.22,10.62
494,Stykkisholmur,44,IS,1570709166,74,65.08,-22.73,39.22,22.99
495,Poya,17,NC,1570709166,78,-21.35,165.16,73.24,8.57
496,Olinda,75,AU,1570709167,81,-37.84,145.39,52.0,9.17
497,Chumikan,51,RU,1570709167,66,54.72,135.31,35.08,17.72
498,Ongandjera,61,NA,1570709167,10,-17.88,15.07,93.22,5.92
499,Halmasd,91,RO,1570709167,51,47.15,22.62,63.0,10.29
500,Tupik,100,RU,1570709168,47,54.43,119.94,23.2,5.29
501,Umea,90,SE,1570709169,93,63.83,20.26,42.8,4.7
502,Orocue,71,CO,1570709169,87,4.79,-71.34,75.94,3.7
503,Mandalgovi,80,MN,1570709169,47,45.76,106.27,38.14,12.51
504,San Pedro,52,AR,1570709169,72,-33.68,-59.66,72.0,7.0
505,Bandarbeyla,0,SO,1570709169,82,9.49,50.81,80.44,9.65
506,Port-Gentil,75,GA,1570709169,88,-0.72,8.78,82.4,8.05
507,College,90,US,1570709169,100,64.86,-147.8,37.4,1.6
508,Laguna,40,BZ,1570709170,94,16.17,-88.94,77.0,1.41
509,Maragogi,26,BR,1570709170,75,-9.01,-35.22,78.28,16.28
510,Xichang,85,CN,1570709170,96,27.88,102.25,50.74,4.19
511,Poum,40,MK,1570709170,64,41.28,20.71,69.8,4.7
512,Ferrol,0,ES,1570709170,68,43.48,-8.23,69.01,4.7
513,Saquena,99,PE,1570709170,96,-4.67,-73.52,74.14,1.21
514,Xining,83,CN,1570709170,50,36.62,101.77,46.78,12.11
515,Kieta,13,PG,1570709171,78,-6.22,155.63,81.7,5.94
516,Abu Dhabi,20,AE,1570709171,56,24.47,54.37,95.0,11.41
517,Strezhevoy,100,RU,1570709171,53,60.73,77.6,50.0,17.9
518,Paita,11,PE,1570709171,82,-5.09,-81.11,61.54,8.48
519,Tagusao,98,PH,1570709171,85,9.19,117.81,76.66,2.62
520,San Lorenzo,14,HN,1570709171,94,13.43,-87.45,71.44,2.38
521,Waipawa,99,NZ,1570709171,94,-39.94,176.59,55.0,6.64
522,Qaqortoq,5,GL,1570709172,68,60.72,-46.03,30.2,7.93
523,Dunedin,100,NZ,1570709172,96,-45.87,170.5,46.99,1.01
524,Balikpapan,38,ID,1570709172,92,-1.24,116.86,76.12,1.87
525,Chernogorsk,0,RU,1570709172,41,53.83,91.31,41.0,4.47
526,Teya,5,MX,1570709172,94,21.05,-89.07,77.0,3.36
527,Meulaboh,100,ID,1570709172,77,4.14,96.13,80.8,1.41
528,Alta Gracia,30,AR,1570709173,77,-31.66,-64.43,75.99,4.7
529,Cockburn Town,40,TC,1570709173,74,21.46,-71.14,82.4,5.82
530,Caluquembe,48,AO,1570709173,34,-13.78,14.68,81.16,6.16
531,Ambilobe,21,MG,1570709173,39,-13.19,49.05,92.68,10.92
532,Fare,100,PF,1570709173,80,-16.7,-151.02,75.76,17.25
533,Morehead,1,US,1570709173,93,38.18,-83.43,57.2,3.36
534,Orbetello,90,IT,1570709173,93,42.44,11.21,77.0,8.05
535,Anloga,40,GH,1570709174,74,5.79,0.9,84.2,10.29
536,Urgut,84,UZ,1570709174,20,39.41,67.25,77.0,16.11
537,Luwingu,29,ZM,1570709174,21,-10.26,29.92,91.06,7.01
538,Allonnes,75,FR,1570709174,59,47.97,0.16,64.0,11.41
539,Granja,30,BR,1570709174,46,-3.12,-40.83,87.28,12.99
540,Carbonear,0,CA,1570709174,80,47.73,-53.24,48.99,5.73
541,Pangnirtung,90,CA,1570709174,80,66.15,-65.72,39.2,12.75
542,Goundi,71,TD,1570709175,70,9.36,17.37,85.12,1.88
543,Palmer,8,AU,1570709175,62,-34.85,139.16,55.99,10.29
544,Kwekwe,35,ZW,1570709175,13,-18.93,29.81,94.66,9.4
545,Biritiba-Mirim,40,BR,1570709175,77,-23.57,-46.04,69.8,6.93
546,Kamenka,75,MD,1570709175,59,48.03,28.7,64.99,3.0
547,Cap Malheureux,40,MU,1570709176,61,-19.98,57.61,77.0,17.22
548,Pore,100,CO,1570709176,91,5.73,-71.99,73.24,0.6
549,Aykhal,90,RU,1570709176,85,65.95,111.51,15.8,8.95
550,Whitianga,100,NZ,1570709177,94,-36.83,175.7,61.0,5.99
551,Porgera,100,PG,1570709177,97,-5.46,143.15,51.64,2.46
552,Virginia Beach,90,US,1570709177,87,36.85,-75.98,61.0,8.05
553,Roebourne,0,AU,1570709177,46,-20.77,117.15,77.56,7.92
